Wall time,Step,Value
1683879169.029661,1102680,0.2704070210456848
1683880266.1857703,1202600,0.2704070210456848
1683881345.9892192,1302650,0.24874165654182434
1683882410.9893858,1401910,0.22146539390087128
1683883472.4573722,1502590,0.22146539390087128
1683884516.456892,1601630,0.19845989346504211
1683885489.175497,1700990,0.24944518506526947
1683886509.7561991,1802510,0.33845189213752747
1683887533.4827185,1902430,0.23255255818367004
1683888569.4152777,2001700,0.2611711919307709
1683889580.6355793,2101350,0.2921780049800873
