Wall time,Step,Value
1683879169.029661,1102680,0.3853864073753357
1683880266.1857703,1202600,0.3853864073753357
1683881345.9892192,1302650,0.32797905802726746
1683882410.9893858,1401910,0.3369164764881134
1683883472.4573722,1502590,0.3369164764881134
1683884516.456892,1601630,0.3112236559391022
1683885489.175497,1700990,0.3227534592151642
1683886509.7561991,1802510,0.30646809935569763
1683887533.4827185,1902430,0.2998277246952057
1683888569.4152777,2001700,0.3534829914569855
1683889580.6355793,2101350,0.3320789933204651
