Wall time,Step,Value
1683879169.029661,1102680,0.2763359248638153
1683880266.1857703,1202600,0.2763359248638153
1683881345.9892192,1302650,0.3150290250778198
1683882410.9893858,1401910,0.34042057394981384
1683883472.4573722,1502590,0.34042057394981384
1683884516.456892,1601630,0.24728412926197052
1683885489.1745012,1700990,0.21774061024188995
1683886509.7561991,1802510,0.2343398779630661
1683887533.4827185,1902430,0.24699640274047852
1683888569.4152777,2001700,0.27274003624916077
1683889580.6355793,2101350,0.2747097909450531
